,x,,,
1,AU3CB0228286,AU3CB0228286 Corp,,TRUE
2,BTSCO1612,IKZ16 Comdty,,TRUE
3,BTSCO1703,IKH17 Comdty,,TRUE
4,CH0336352825,CH0336352825 Corp,,TRUE
5,DE0001141745,DE0001141745 Corp,,TRUE
6,DE000A12TZ95,DE000A12TZ95 Corp,,TRUE
7,DE000A14J587,DE000A14J587 Corp,,TRUE
8,DE000A161XW6,DE000A161XW6 Corp,,TRUE
9,DE000A1X25N0,DE000A1X25N0 Corp,,TRUE
10,FI4000047360,FI4000047360 Corp,,TRUE
11,FR0011149947,FR0011149947 Corp,,TRUE
12,FR0011149954,FR0011149954 Corp,,TRUE
13,FR0011439900,FR0011439900 Corp,,TRUE
14,FR0011801596,FR0011801596 Corp,,TRUE
15,FR0011973577,FR0011973577 Corp,,TRUE
16,FR0013081700,REND20C FP Equity,,TRUE
17,FR0013113073,FR0013113073 Corp,,TRUE
18,FR0013183571,FR0013183571 Corp,,TRUE
19,FR0013245263,FR0013245263 Corp,,TRUE
20,FR0013257557,FR0013257557 Corp,,TRUE
21,FR0013298890,FR0013298890 Corp,,TRUE
22,HK0000086634,HK0000086634 Corp,,TRUE
23,IE00B4PY7Y77,IHYU LN Equity,,TRUE
24,IE00B85RQ587,MUHLSHE ID Equity,,TRUE
25,IE00BF4K8391,MECHEAF ID Equity,,TRUE
26,IE00BSZLQL65,MUZGEAH ID Equity,,TRUE
27,LU0448623016,PLHIYUI LX Equity,,TRUE
28,LU0972983513,SCGACEA LX Equity,,TRUE
29,LU1693257310,LU1693257310 Equity,,TRUE
30,MX0SGO000015,MX0SGO000015 Corp,,TRUE
31,NO0010646813,NO0010646813 Corp,,TRUE
32,NO0010748742,NO0010748742 Corp,,TRUE
33,OATCO1706,OATM7 Comdty,,TRUE
34,OECO1606,OEM16 Comdty,,TRUE
35,OECO1609,OEU16 Comdty,,TRUE
36,OECO1612,OEZ16 Comdty,,TRUE
37,OECO1703,OEH17 Comdty,,TRUE
38,OECO1706,OEM7 Comdty,,TRUE
39,OECO1709,OEU7 Comdty,,TRUE
40,OECO1712,OEZ7 Comdty,,TRUE
41,OECO1803,OEH8 Comdty,,TRUE
42,PECU1612,PEZ16 Curncy,,TRUE
43,PECU1703,PEH17 Curncy,,TRUE
44,PTOTEMOE0027,PTOTEMOE0027 Corp,,TRUE
45,RXCO1706,RXM7 Comdty,,TRUE
46,RXCO1709,RXU7 Comdty,,TRUE
47,RXCO1712,RXZ7 Comdty,,TRUE
48,RXCO1803,RXH8 Comdty,,TRUE
49,TYCO1509,TYU15 Comdty,,TRUE
50,TYCO1512,TYZ15 Comdty,,TRUE
51,TYCO1603,TYH16 Comdty,,TRUE
52,TYCO1606,TYM16 Comdty,,TRUE
53,TYCO1609,TYU16 Comdty,,TRUE
54,TYCO1612,TYZ16 Comdty,,TRUE
55,TYCO1703,TYH17 Comdty,,TRUE
56,TYCO1706,TYM17 Comdty,,TRUE
57,TYCO1709,TYU7 Comdty,,TRUE
58,TYCO1712,TYZ7 Comdty,,TRUE
59,TYCO1803,TYM8 Comdty,,TRUE
60,US00101JAF30,US00101JAF30 Corp,,TRUE
61,US00287YAP43,US00287YAP43 Corp,,TRUE
62,US01609WAQ50,US01609WAQ50 Corp,,TRUE
63,US03512TAA97,US03512TAA97 Corp,,TRUE
64,US03938LAQ77,US03938LAQ77 Corp,,TRUE
65,US03938LAY02,US03938LAY02 Corp,,TRUE
66,US052769AC08,US052769AC08 Corp,,TRUE
67,US05463EAB48,US05463EAB48 Corp,,TRUE
68,US056752AD07,US056752AD07 Corp,,TRUE
69,US05958AAJ79,US05958AAJ79 Corp,,TRUE
70,US05971BAB53,US05971BAB53 Corp,,TRUE
71,US06675GAA31,US06675GAA31 Corp,,TRUE
72,US067901AQ17,US067901AQ17 Corp,,TRUE
73,US086516AL50,US086516AL50 Corp,,TRUE
74,US105756BU30,US105756BU30 Corp,,TRUE
75,US120568AX84,US120568AX84 Corp,,TRUE
76,US124857AQ69,US124857AQ69 Corp,,TRUE
77,US165167CK12,US165167CK12 Corp,,TRUE
78,US195325BD67,US195325BD67 Corp,,TRUE
79,US195325BN40,US195325BN40 Corp,,TRUE
80,US257867AZ49,US257867AZ49 Corp,,TRUE
81,US278642AK93,US278642AK93 Corp,,TRUE
82,US279158AL39,US279158AL39 Corp,,TRUE
83,US29082HAA05,US29082HAA05 Corp,,TRUE
84,US29358QAA76,US29358QAA76 Corp,,TRUE
85,US29358QAG47,US29358QAG47 Corp,,TRUE
86,US302154BM07,US302154BM07 Corp,,TRUE
87,US33938EAQ08,US33938EAQ08 Corp,,TRUE
88,US345397WU32,US345397WU32 Corp,,TRUE
89,US35671DAU90,US35671DAU90 Corp,,TRUE
90,US35906AAX63,US35906AAX63 Corp,,TRUE
91,US35906AAZ12,US35906AAZ12 Corp,,TRUE
92,US37045XBA37,US37045XBA37 Corp,,TRUE
93,US37045XBS45,US37045XBS45 Corp,,TRUE
94,US404121AC95,US404121AC95 Corp,,TRUE
95,US46507NAE04,US46507NAE04 Corp,,TRUE
96,US532716AU19,US532716AU19 Corp,,TRUE
97,US585055BG05,US585055BG05 Corp,,TRUE
98,US595112BC66,US595112BC66 Corp,,TRUE
99,US61746BDN38,US61746BDN38 Corp,,TRUE
100,US61747YBA29,US61747YBA29 Corp,,TRUE
101,US620076BF55,US620076BF55 Corp,,TRUE
102,US651639AN69,US651639AN69 Corp,,TRUE
103,US65504LAP22,US65504LAP22 Corp,,TRUE
104,US68557NAC74,US68557NAC74 Corp,,TRUE
105,US698299AX28,US698299AX28 Corp,,TRUE
106,US71568QAA58,US71568QAA58 Corp,,TRUE
107,US71645WAR25,US71645WAR25 Corp,,TRUE
108,US71654QBK76,US71654QBK76 Corp,,TRUE
109,US71825PAD06,US71825PAD06 Corp,,TRUE
110,US803865AA25,US803865AA25 Corp,,TRUE
111,US87264AAM71,US87264AAM71 Corp,,TRUE
112,US88947EAQ35,US88947EAQ35 Corp,,TRUE
113,US89153VAH24,US89153VAH24 Corp,,TRUE
114,US893830AY53,US893830AY53 Corp,,TRUE
115,US912796HV42,US912796HV42 Corp,,TRUE
116,US912796JA86,US912796JA86 Corp,,TRUE
117,US912796JX89,US912796JX89 Corp,,TRUE
118,US912796KR92,US912796KR92 Corp,,TRUE
119,US912796KU22,US912796KU22 Corp,,TRUE
120,US912796LC15,US912796LC15 Corp,,TRUE
121,US912796LL14,US912796LL14 Corp,,TRUE
122,US912796LM96,US912796LM96 Corp,,TRUE
123,US912796LT40,US912796LT40 Corp,,TRUE
124,US912796LW78,US912796LW78 Corp,,TRUE
125,US912796MC06,US912796MC06 Corp,,TRUE
126,US912796MD88,US912796MD88 Corp,,TRUE
,US912796NY17,US912796NY17 Corp,,TRUE
127,US912828A594,US912828A594 Corp,,TRUE
128,US912828V491,US912828V491 Corp,,TRUE
129,US92343VBM54,US92343VBM54 Corp,,TRUE
130,US958102AL92,US958102AL92 Corp,,TRUE
131,US988498AG64,US988498AG64 Corp,,TRUE
132,USC98874AH09,USC98874AH09 Corp,,TRUE
133,USF75549AC34,USF75549AC34 Corp,,TRUE
134,USG1315RAD38,USG1315RAD38 Corp,,TRUE
135,USG2444PAA50,USG2444PAA50 Corp,,TRUE
136,USG30376AB69,USG30376AB69 Corp,,TRUE
137,USG3157SAA45,USG3157SAA45 Corp,,TRUE
138,USG3777BAB92,USG3777BAB92 Corp,,TRUE
139,USG3925DAB67,USG3925DAB67 Corp,,TRUE
140,USG42045AB32,USG42045AB32 Corp,,TRUE
,USG5825AAB82,USG5825AAB82 Corp,,TRUE
141,USG6542TAE13,USG6542TAE13 Corp,,TRUE
142,USG6710EAP54,USG6710EAP54 Corp,,TRUE
143,USG6935LAB92,USG6935LAB92 Corp,,TRUE
144,USG79456AK84,USG79456AK84 Corp,,TRUE
145,USG816AMAC61,USG816AMAC61 Corp,,TRUE
146,USG9328DAH38,USG9328DAH38 Corp,,TRUE
147,USG9328DAM23,USG9328DAM23 Corp,,TRUE
148,USL7877XAA74,USL7877XAA74 Corp,,TRUE
149,USM8931TAF68,USM8931TAF68 Corp,,TRUE
150,USN21177AA33,USN21177AA33 Corp,,TRUE
151,USN54468AD05,USN54468AD05 Corp,,TRUE
152,USP04808AC88,USP04808AC88 Corp,,TRUE
153,USP0607JAE84,USP0607JAE84 Corp,,TRUE
154,USP09252AB63,USP09252AB63 Corp,,TRUE
155,USP1342SAC00,USP1342SAC00 Corp,,TRUE
156,USP14623AB16,USP14623AB16 Corp,,TRUE
157,USP18445AG42,USP18445AG42 Corp,,TRUE
158,USP18533AK80,USP18533AK80 Corp,,TRUE
159,USP1905CAD22,USP1905CAD22 Corp,,TRUE
160,USP2205JAH34,USP2205JAH34 Corp,,TRUE
161,USP22854AF31,USP22854AF31 Corp,,TRUE
162,USP3083SAC90,USP3083SAC90 Corp,,TRUE
163,USP3143NAW40,USP3143NAW40 Corp,,TRUE
164,USP42009AA12,USP42009AA12 Corp,,TRUE
165,USP5015VAD84,USP5015VAD84 Corp,,TRUE
166,USP5015VAF33,USP5015VAF33 Corp,,TRUE
167,USP57908AD01,USP57908AD01 Corp,,TRUE
168,USP58072AG71,USP58072AG71 Corp,,TRUE
169,USP84050AA46,USP84050AA46 Corp,,TRUE
170,USP89708AA25,USP89708AA25 Corp,,TRUE
171,USP9037HAL70,USP9037HAL70 Corp,,TRUE
172,USP9084BAD03,USP9084BAD03 Corp,,TRUE
173,USP98047AA42,USP98047AA42 Corp,,TRUE
174,USU05485AA20,USU05485AA20 Corp,,TRUE
175,USU16450AT27,USU16450AT27 Corp,,TRUE
176,USU2339CAZ15,USU2339CAZ15 Corp,,TRUE
177,USU3155LAC10,USU3155LAC10 Corp,,TRUE
178,USU3198DAT10,USU3198DAT10 Corp,,TRUE
179,USU36328AB58,USU36328AB58 Corp,,TRUE
180,USU75888AC81,USU75888AC81 Corp,,TRUE
181,USU8810LAA18,USU8810LAA18 Corp,,TRUE
182,USU9547KAB99,USU9547KAB99 Corp,,TRUE
183,USY3815NAW12,USY3815NAW12 Corp,,TRUE
184,USY3860XAC75,USY3860XAC75 Corp,,TRUE
185,USY68868AA92,USY68868AA92 Corp,,TRUE
186,USY7138AAC46,USY7138AAC46 Corp,,TRUE
187,XS0077157575,XS0077157575 Corp,,TRUE
188,XS0335444724,XS0335444724 Corp,,TRUE
189,XS0432619913,XS0432619913 Corp,,TRUE
190,XS0459028626,XS0459028626 Corp,,TRUE
191,XS0466300257,XS0466300257 Corp,,TRUE
192,XS0470632646,XS0470632646 Corp,,TRUE
193,XS0473928371,XS0473928371 Corp,,TRUE
194,XS0496716282,XS0496716282 Corp,,TRUE
195,XS0547082973,XS0547082973 Corp,,TRUE
196,XS0552915943,XS0552915943 Corp,,TRUE
197,XS0592238876,XS0592238876 Corp,,TRUE
198,XS0647188605,XS0647188605 Corp,,TRUE
199,XS0650262875,XS0650262875 Corp,,TRUE
200,XS0681928114,XS0681928114 Corp,,TRUE
201,XS0686701953,XS0686701953 Corp,,TRUE
202,XS0739933421,XS0739933421 Corp,,TRUE
203,XS0753190296,XS0753190296 Corp,,TRUE
204,XS0755567301,XS0755567301 Corp,,TRUE
205,XS0765257141,XS0765257141 Corp,,TRUE
206,XS0783934085,XS0783934085 Corp,,TRUE
207,XS0802953165,XS0802953165 Corp,,TRUE
208,XS0808636244,XS0808636244 Corp,,TRUE
209,XS0819566182,XS0819566182 Corp,,TRUE
210,XS0828755495,XS0828755495 Corp,,TRUE
211,XS0831918056,XS0831918056 Corp,,TRUE
212,XS0834435702,XS0834435702 Corp,,TRUE
213,XS0835676353,XS0835676353 Corp,,TRUE
214,XS0836520717,XS0836520717 Corp,,TRUE
215,XS0841358103,XS0841358103 Corp,,TRUE
216,XS0843939918,XS0843939918 Corp,,TRUE
217,XS0847441317,XS0847441317 Corp,,TRUE
218,XS0848436365,XS0848436365 Corp,,TRUE
219,XS0849020556,XS0849020556 Corp,,TRUE
220,XS0856597314,XS0856597314 Corp,,TRUE
221,XS0857433097,XS0857433097 Corp,,TRUE
222,XS0864383723,XS0864383723 Corp,,TRUE
223,XS0874840688,XS0874840688 Corp,,TRUE
224,XS0875312364,XS0875312364 Corp,,TRUE
225,XS0880258651,XS0880258651 Corp,,TRUE
226,XS0882347072,XS0882347072 Corp,,TRUE
227,XS0889401724,XS0889401724 Corp,,TRUE
228,XS0893212398,XS0893212398 Corp,,TRUE
229,XS0903465127,XS0903465127 Corp,,TRUE
230,XS0906984272,XS0906984272 Corp,,TRUE
231,XS0919504562,XS0919504562 Corp,,TRUE
232,XS0921226386,XS0921226386 Corp,,TRUE
233,XS0921332069,XS0921332069 Corp,,TRUE
234,XS0923361827,XS0923361827 Corp,,TRUE
235,XS0923436264,XS0923436264 Corp,,TRUE
236,XS0927183441,XS0927183441 Corp,,TRUE
237,XS0933097668,XS0933097668 Corp,,TRUE
238,XS0933999863,XS0933999863 Corp,,TRUE
239,XS0938043766,XS0938043766 Corp,,TRUE
240,XS0938722070,XS0938722070 Corp,,TRUE
241,XS0938722666,XS0938722666 Corp,,TRUE
242,XS0940658361,XS0940658361 Corp,,TRUE
243,XS0945673191,XS0945673191 Corp,,TRUE
244,XS0953046991,XS0953046991 Corp,,TRUE
245,XS0956406135,XS0956406135 Corp,,TRUE
246,XS0968729094,XS0968729094 Corp,,TRUE
247,XS0969570687,XS0969570687 Corp,,TRUE
248,XS0974154550,XS0974154550 Corp,,TRUE
249,XS0982711714,XS0982711714 Corp,,TRUE
250,XS0993155398,XS0993155398 Corp,,TRUE
251,XS0993162170,XS0993162170 Corp,,TRUE
252,XS0995845566,XS0995845566 Corp,,TRUE
253,XS0997797054,XS0997797054 Corp,,TRUE
254,XS0997979249,XS0997979249 Corp,,TRUE
255,XS1019326302,XS1019326302 Corp,,TRUE
256,XS1023684282,XS1023684282 Corp,,TRUE
257,XS1025866119,XS1025866119 Corp,,TRUE
258,XS1028948120,XS1028948120 Corp,,TRUE
259,XS1028950886,XS1028950886 Corp,,TRUE
260,XS1028952155,XS1028952155 Corp,,TRUE
261,XS1028953989,XS1028953989 Corp,,TRUE
262,XS1038613904,XS1038613904 Corp,,TRUE
263,XS1040726587,XS1040726587 Corp,,TRUE
264,XS1043621090,XS1043621090 Corp,,TRUE
265,XS1044528849,XS1044528849 Corp,,TRUE
266,XS1047674947,XS1047674947 Corp,,TRUE
267,XS1048657800,XS1048657800 Corp,,TRUE
268,XS1052677892,XS1052677892 Corp,,TRUE
269,XS1054714248,XS1054714248 Corp,,TRUE
270,XS1056202762,XS1056202762 Corp,,TRUE
271,XS1056560763,XS1056560763 Corp,,TRUE
272,XS1057340009,XS1057340009 Corp,,TRUE
273,XS1063399700,XS1063399700 Corp,,TRUE
274,XS1063561143,XS1063561143 Corp,,TRUE
275,XS1069899232,XS1069899232 Corp,,TRUE
276,XS1075833860,XS1075833860 Corp,,TRUE
277,XS1079233810,XS1079233810 Corp,,TRUE
278,XS1079720212,XS1079720212 Corp,,TRUE
279,XS1082399301,XS1082399301 Corp,,TRUE
280,XS1082472587,XS1082472587 Corp,,TRUE
281,XS1082775054,XS1082775054 Corp,,TRUE
282,XS1082971588,XS1082971588 Corp,,TRUE
283,XS1083956307,XS1083956307 Corp,,TRUE
284,XS1083957024,XS1083957024 Corp,,TRUE
285,XS1084836441,XS1084836441 Corp,,TRUE
286,XS1087760648,XS1087760648 Corp,,TRUE
287,XS1089413089,XS1089413089 Corp,,TRUE
288,XS1089828450,XS1089828450 Corp,,TRUE
289,XS1097970732,XS1097970732 Corp,,TRUE
290,XS1107288596,XS1107288596 Corp,,TRUE
291,XS1111256431,XS1111256431 Corp,,TRUE
292,XS1115183359,XS1115183359 Corp,,TRUE
293,XS1117297512,XS1117297512 Corp,,TRUE
294,XS1128996425,XS1128996425 Corp,,TRUE
295,XS1132375897,XS1132375897 Corp,,TRUE
296,XS1132765840,XS1132765840 Corp,,TRUE
297,XS1143085014,XS1143085014 Corp,,TRUE
298,XS1150437579,XS1150437579 Corp,,TRUE
299,XS1165980274,XS1165980274 Corp,,TRUE
300,XS1167308128,XS1167308128 Corp,,TRUE
301,XS1169920193,XS1169920193 Corp,,TRUE
302,XS1172947902,XS1172947902 Corp,,TRUE
303,XS1188073081,XS1188073081 Corp,,TRUE
304,XS1195502031,XS1195502031 Corp,,TRUE
305,XS1204116088,XS1204116088 Corp,,TRUE
306,XS1204434028,XS1204434028 Corp,,TRUE
307,XS1207317261,XS1207317261 Corp,,TRUE
308,XS1211417362,XS1211417362 Corp,,TRUE
309,XS1212668062,XS1212668062 Corp,,TRUE
310,XS1219438592,XS1219438592 Corp,,TRUE
311,XS1220057043,XS1220057043 Corp,,TRUE
312,XS1222731215,XS1222731215 Corp,,TRUE
313,XS1227287221,XS1227287221 Corp,,TRUE
314,XS1227593933,XS1227593933 Corp,,TRUE
315,XS1241053666,XS1241053666 Corp,,TRUE
316,XS1242348164,XS1242348164 Corp,,TRUE
317,XS1242956966,XS1242956966 Corp,,TRUE
318,XS1244815111,XS1244815111 Corp,,TRUE
319,XS1249966356,XS1249966356 Corp,,TRUE
320,XS1253849357,XS1253849357 Corp,,TRUE
321,XS1254575415,XS1254575415 Corp,,TRUE
322,XS1262584532,XS1262584532 Corp,,TRUE
323,XS1266662763,XS1266662763 Corp,,TRUE
324,XS1278084147,XS1278084147 Corp,,TRUE
325,XS1311099540,XS1311099540 Corp,,TRUE
326,XS1319701451,XS1319701451 Corp,,TRUE
327,XS1321149434,XS1321149434 Corp,,TRUE
328,XS1327914062,XS1327914062 Corp,,TRUE
329,XS1330978567,XS1330978567 Corp,,TRUE
330,XS1350670839,XS1350670839 Corp,,TRUE
331,XS1372846003,XS1372846003 Corp,,TRUE
332,XS1384278203,XS1384278203 Corp,,TRUE
333,XS1388625425,XS1388625425 Corp,,TRUE
334,XS1391063424,XS1391063424 Corp,,TRUE
335,XS1396892751,XS1396892751 Corp,,TRUE
336,XS1398017332,XS1398017332 Corp,,TRUE
337,XS1400351653,XS1400351653 Corp,,TRUE
338,XS1400710999,XS1400710999 Corp,,TRUE
339,XS1403611608,XS1403611608 Corp,,TRUE
340,XS1405765907,XS1405765907 Corp,,TRUE
341,XS1405768596,XS1405768596 Corp,,TRUE
342,XS1405777316,XS1405777316 Corp,,TRUE
343,XS1405778041,XS1405778041 Corp,,TRUE
344,XS1405781342,XS1405781342 Corp,,TRUE
345,XS1405888576,XS1405888576 Corp,,TRUE
346,XS1406669983,XS1406669983 Corp,,TRUE
347,XS1409506885,XS1409506885 Corp,,TRUE
348,XS1410519976,XS1410519976 Corp,,TRUE
349,XS1418627821,XS1418627821 Corp,,TRUE
350,XS1428468885,XS1428468885 Corp,,TRUE
351,XS1432493879,XS1432493879 Corp,,TRUE
352,XS1439749281,XS1439749281 Corp,,TRUE
353,XS1443221343,XS1443221343 Corp,,TRUE
354,XS1457570023,XS1457570023 Corp,,TRUE
355,XS1487495316,XS1487495316 Corp,,TRUE
356,XS1492822033,XS1492822033 Corp,,TRUE
357,XS1497312295,XS1497312295 Corp,,TRUE
358,XS1498935391,XS1498935391 Corp,,TRUE
359,XS1503160225,XS1503160225 Corp,,TRUE
360,XS1508675334,XS1508675334 Corp,,TRUE
361,XS1511779305,XS1511779305 Corp,,TRUE
362,XS1511793124,XS1511793124 Corp,,TRUE
363,XS1514717732,XS1514717732 Corp,,TRUE
364,XS1520710788,XS1520710788 Corp,,TRUE
365,XS1523028436,XS1523028436 Corp,,TRUE
366,XS1527536590,XS1527536590 Corp,,TRUE
367,XS1533915564,XS1533915564 Corp,,TRUE
368,XS1533916299,XS1533916299 Corp,,TRUE
369,XS1551347393,XS1551347393 Corp,,TRUE
370,XS1568874983,XS1568874983 Corp,,TRUE
371,XS1577948174,XS1577948174 Corp,,TRUE
372,XS1584024837,XS1584024837 Corp,,TRUE
373,XS1590503279,XS1590503279 Corp,,TRUE
374,XS1602515733,XS1602515733 Corp,,TRUE
375,XS1603948032,XS1603948032 Corp,,TRUE
376,XS1609252645,XS1609252645 Corp,,TRUE
377,XS1631414932,XS1631414932 Corp,,TRUE
378,XS1635870923,XS1635870923 Corp,,TRUE
379,XS1651444140,XS1651444140 Corp,,TRUE
380,XS1656195796,XS1656195796 Corp,,TRUE
381,XS1681806326,XS1681806326 Corp,,TRUE
382,XS1700480160,XS1700480160 Corp,,TRUE
383,XS1701435742,XS1701435742 Corp,,TRUE
384,XS1709298969,XS1709298969 Corp,,TRUE
385,XS1709347923,XS1709347923 Corp,,TRUE
386,XS1713495759,XS1713495759 Corp,,TRUE
387,XS1731106347,XS1731106347 Corp,,TRUE
388,XS1731881964,XS1731881964 Corp,,TRUE
389,XS1734229203,XS1734229203 Corp,,TRUE
390,XS0957736480,XS0957736480 Corp,,TRUE
391,ECCU1803,ECH8 Curncy,,TRUE
392,USP22854AG14,USP22854AG14 Corp,,TRUE
393,XS1756227309,XS1756227309 Corp,,TRUE
394,1715303779,XS1715303779 Corp,,TRUE
395,US912796HU68,US912796HU68 Govt,,TRUE
396,USL5828LAB55,USL5828LAB55 Corp,,TRUE
397,XS1055940206,XS1055940206 Corp,,TRUE
398,XS1684385161,XS1684385161 Corp,,TRUE
399,XS1698218523,XS1698218523 Corp,,TRUE
400,XS1715303779,XS1715303779 Corp,,TRUE
401,US912796MB23,US912796MB23 Govt,,TRUE
402,US9128283R96,US9128283R96 Govt,,TRUE
403,XS1703065620,XS1703065620 Corp,,TRUE
404,IKCO1806,IKM8 Comdty,,TRUE
405,TYCO1806,TYM8 Comdty,,TRUE
406,OECO1806,OEM8 Comdty,,TRUE
407,RXCO1806,RXM8 Comdty,,TRUE
408,IKCO1803,IKh8 Comdty,,TRUE
